Rk,MPG,PPG,RPG,APG
1,33.2,16.5,9.3,2.5
2,35.3,16.3,3.9,6.7
3,26.7,14.6,1.9,3.5
4,28.6,12.9,2.8,2.1
5,30.5,13.4,4.1,3
6,19.2,5.2,5.4,0.3
7,29.7,12.8,6.2,3.3
8,12.7,5.5,1.5,0.9
9,21.1,10.3,2.9,1.2
10,18.1,7.6,1.8,3.5
11,28,9.4,8.6,0.8
12,14,5.2,3.6,0.4
13,24.7,10.1,7.1,0.9
14,25.8,11.1,2,2.8
15,6.6,3.4,0.9,0.7
16,24.2,10.6,5.4,1.3
17,10.6,4,2.5,0.6
18,17.4,4.9,4.2,0.4
19,27.7,11.1,2.6,3.7
20,16.7,7.7,2.5,1.5
21,20.6,7.3,7.5,0.6
22,11.4,4.2,1,1.8
23,23.2,6.9,5.4,1.4
24,9,2.7,2.5,0.4
25,12.5,5.7,3.3,0.3
26,7.4,2,0.8,0.8
27,24.7,10.3,5.9,1.1
28,3.7,1,1.3,0
29,26.3,11.6,4.2,3.7
30,17.3,5.3,3.6,0.6
31,16.4,6.2,1.3,2.8
32,10,3.3,1,1
33,4.4,2.1,1.4,0.2
34,12,3.6,1,1.6
35,12.2,3.9,2.6,0.5
36,15.6,5.7,3.4,1
37,20.6,9.9,2.1,2.1
38,11.7,3.3,1.8,0.8
39,5.3,1.9,1,0.1
40,23.8,7.8,2.1,3.9
41,9.1,2.2,1.8,1.3
42,17.1,7.3,3.5,0.9
43,18,6.2,4.3,0.4
44,9.6,3.1,0.7,2
45,28.9,10,7.5,1.1
46,11.2,4.8,2.7,0.6
47,18.7,6.8,4.9,0.6
48,24.2,14.3,5.3,1.2
49,NA,NA,NA,NA
50,4.1,1.8,1,0.5
51,16,5.5,1.6,1.9
52,4.3,1.1,0.9,0.4
53,NA,NA,NA,NA
54,15.2,6.3,1.8,1
1,36.3,16.2,7.5,3.3
2,30.1,12.6,3.1,6.1
3,29.4,11.7,6.7,2.8
4,30.8,9.8,10.3,1
5,30.6,14.3,3.2,3.1
6,19.7,8,4.2,1.4
7,21.2,7.2,4.9,1.5
8,20,6.7,1.9,1.7
9,21.6,8,3.2,1.6
10,24.2,11,6.2,1.1
11,29.8,13.8,3,6.1
12,20.9,7.3,1.9,4
13,27.1,8,7.9,0.9
14,4.3,1.9,1,0.3
15,19.1,5.6,4.5,0.8
16,19.7,10.3,5.3,0.7
17,20.1,8.9,4.8,0.9
18,8.2,3.3,1.1,0.4
19,17.1,6.7,1.5,2.2
20,8.2,2.8,1.9,0.3
21,23.4,10.1,2.5,4.9
22,9.4,3,2.4,0.3
23,19.6,8.5,5.2,0.6
24,25.5,9.6,3.8,2.8
25,NA,NA,NA,NA
26,7,2.6,1.3,0.4
27,14.4,4.3,3.3,0.8
28,12,3.3,1.3,1.1
29,NA,NA,NA,NA
30,8.2,3.4,0.9,0.7
31,17.6,4.8,1.8,2.2
32,1.5,3,0,0
33,14.1,4.7,3.2,0.8
34,5.8,2.3,0.8,1.5
35,25,9,2,4.3
36,11.7,3.7,1.2,2.2
37,17.3,6.3,1.4,3.1
38,NA,NA,NA,NA
39,11,4.2,1,0.7
40,14.6,4.5,1.3,2.1
41,8,4.2,1,0.5
42,NA,NA,NA,NA
43,11.9,4.6,1.2,1.1
44,NA,NA,NA,NA
45,28.7,11,3.1,2.7
46,21.8,10.6,3.4,1.1
47,NA,NA,NA,NA
48,19.3,7.6,4.7,1.2
49,11.6,4.5,0.9,1.7
50,NA,NA,NA,NA
51,14.6,5,3.6,0.7
52,NA,NA,NA,NA
53,NA,NA,NA,NA
54,NA,NA,NA,NA
1,34.7,23.7,10.9,2.5
2,31,17.1,8.5,1.1
3,29.7,12.8,6.7,2.6
4,32.8,14.3,4.7,3.2
5,28.2,11.9,6.5,1.6
6,30.9,13,7.3,2.8
7,26.6,11.8,3.9,2.3
8,25.3,12.3,3.4,1.5
9,30.3,11.5,7.5,1.5
10,16.7,5,4.1,0.7
11,24.5,7,4.8,2.1
12,18.7,9,2.2,1.2
13,28,10.1,3.4,2
14,23.8,10.1,3.2,1.7
15,24.7,9.7,2.6,2.4
16,7.2,2.4,0.6,1.7
17,31.5,11.2,4.1,3.6
18,18.4,9,2.5,0.8
19,20.9,10.9,3.8,1.3
20,22.1,8.2,1.5,1.7
21,16.9,5.7,1.8,2.2
22,23,7.4,5.9,2.2
23,20.8,5.1,1.3,3.6
24,38.6,18.3,4.1,4
25,16.8,5.9,3.5,0.7
26,8.1,3.5,1.1,0.3
27,12.5,3.9,3,0.5
28,11.7,4.9,3.7,0.2
29,31.1,9.1,7.7,1.5
30,18.1,6.2,3.8,0.8
31,5.8,1.5,1.8,0.1
32,16.8,5.9,1.6,3
33,7.4,2.4,0.9,0.7
34,17.7,5.1,1.3,2.8
35,12.4,3.5,1,2
36,8.9,2.3,0.7,2
37,4.1,2.2,0.5,0.2
38,7.6,2.3,0.5,1
39,8,2.9,0.5,1.2
40,NA,NA,NA,NA
41,23.5,7,7.4,1.3
42,22.1,9.2,5.7,0.7
43,31.1,12.8,2.4,2
44,NA,NA,NA,NA
45,20,6.7,3,1.1
46,5.8,2.1,1.7,0.2
47,16,4.2,3.5,0.7
48,5.5,1.9,0.8,0.3
49,NA,NA,NA,NA
50,10.2,3.5,2.2,0.5
51,NA,NA,NA,NA
52,6,1.5,1.5,1
53,NA,NA,NA,NA
54,NA,NA,NA,NA
1,37.1,20.7,9.8,4.2
2,23.5,8.1,6.3,0.7
3,33.7,15.2,4.5,5
4,37.3,19.1,5.4,4
5,31.7,16.7,3.8,2.7
6,26.7,9.5,3.2,1.7
7,15.5,3.8,1.1,3.3
8,32.5,15,7.4,1.9
9,25.3,10.9,4.5,2
10,24.8,8.5,2.2,2.7
11,33.7,17.3,2.9,2.4
12,22.8,6.6,5,1.4
13,18.2,8,1.5,2.6
14,6.9,2,2,0.2
15,9.9,2.4,1.8,0.7
16,13.7,4.6,1.2,1.7
17,12.2,4.5,1.1,1
18,6.1,1.3,0.7,0
19,13,5.1,2.7,0.3
20,19.8,6.9,3.5,1.4
21,18.2,7.6,1.7,1.9
22,30.4,11.2,4.9,1.9
23,20.1,4.1,6.1,0.5
24,30,15.7,3.2,6
25,15.4,3.6,4.2,0.7
26,3.4,1.8,0.9,0.3
27,3.1,1.5,1.1,0
28,19.6,7.2,2.3,1.4
29,NA,NA,NA,NA
30,21.9,9.8,6.4,0.5
31,6.2,2.4,1.3,0.4
32,10.4,3.2,1.8,0.9
33,9.9,3.1,2.6,0.3
34,7.3,1.9,0.9,0.5
35,4.3,0.8,1,0.3
36,NA,NA,NA,NA
37,32.9,14.4,2.9,6.6
38,NA,NA,NA,NA
39,NA,NA,NA,NA
40,9.3,3.3,1.7,0.2
41,NA,NA,NA,NA
42,9.7,2.1,0.6,2.2
43,7.2,3,1.7,0.5
44,NA,NA,NA,NA
45,23.5,7.9,3.5,1.3
46,4.2,2.4,1.4,0
47,17.4,6.5,1.4,2.8
48,4.1,0.9,0.9,0.2
49,NA,NA,NA,NA
50,NA,NA,NA,NA
51,NA,NA,NA,NA
52,10.4,2.9,2.6,0.4
53,NA,NA,NA,NA
54,NA,NA,NA,NA
1,36.8,20.7,6.1,2.7
2,36,12.6,6.3,8.7
3,33.9,16.7,6,4.1
4,26.2,11.2,6.7,1.4
5,30.3,13.4,6.1,2.2
6,22.3,9.7,5,0.6
7,25.1,11.3,4.1,1.3
8,28.3,10.5,7.4,1.2
9,18.2,4.5,4.6,0.4
10,34.4,14.8,4,2.9
11,19,7.4,4.3,0.6
12,21.1,7.8,2.1,3.2
13,30.3,14.3,3.5,3.8
14,9.1,2.1,2.6,0
15,18.5,7.5,2.2,1
16,17.2,4.8,5.2,0.6
17,24.2,7.4,3.3,2.7
18,13.9,3.9,3.1,0.5
19,14.2,7.3,1.3,1.2
20,14.7,3.5,1.1,3.2
21,15.9,4.2,3.6,0.9
22,11,2.7,2,0.4
23,28.3,11.2,3.3,1.7
24,16.7,6.3,2.8,1.2
25,18.6,6.9,2.7,1.4
26,22.3,6.3,2.6,4
27,10.2,4.5,0.9,1.7
28,NA,NA,NA,NA
29,9.8,2.3,1.5,0.3
30,20.4,6.5,1.7,3.5
31,NA,NA,NA,NA
32,14.8,2.7,3.1,0.3
33,19.1,5.4,3.8,0.7
34,10.5,3.8,1.3,0.3
35,23.5,5.6,7.1,1.5
36,NA,NA,NA,NA
37,10.1,3.7,2.4,0.7
38,10.5,3.5,1.3,0.7
39,9,2.8,2.7,0.4
40,5.3,1.6,0.6,0.3
41,NA,NA,NA,NA
42,NA,NA,NA,NA
43,6,1.8,2.2,0.2
44,NA,NA,NA,NA
45,9.6,4.1,1.4,0.4
46,27.2,11.9,2.8,2.1
47,12.2,3.2,1.5,1.1
48,NA,NA,NA,NA
49,NA,NA,NA,NA
50,2.3,0.7,0.7,0
51,14.9,6.4,3.6,0.6
52,18.6,6.3,1.3,2.8
53,NA,NA,NA,NA
54,15.3,5.9,3.2,0.4
1,26.2,10.9,6.4,1
2,27.6,12,7.5,1.3
3,31.2,16.9,3.2,3.3
4,32.7,14.4,6.7,1.8
5,34.5,17.8,10,3.7
6,30.6,12.5,6.9,1.6
7,33.2,13.4,3.5,6.1
8,13.7,4.9,1.3,1
9,16.1,5,2.5,0.8
10,24.5,8.1,6.6,1.1
11,19.5,8.6,4.5,1
12,15.8,4.4,3.6,0.6
13,22.8,11.1,3.9,1.2
14,23.9,8.6,3.3,1.4
15,25.9,9.3,3,3.2
16,21.1,7.8,5,0.6
17,23.7,8.6,3.4,3.8
18,25.3,7.2,5.7,0.6
19,7.9,2.4,0.5,1
20,19.6,7.3,4.4,0.9
21,34.4,15.7,4.4,2.9
22,9.8,3.4,2.1,0.2
23,21.4,7.6,1.8,3.5
24,14.6,4.6,3.4,0.6
25,9.8,2.9,3.1,0.3
26,5,3.2,0.9,0.2
27,8.9,4,2.7,0.4
28,19.5,4.6,5.5,0.6
29,15.8,5.5,1.6,2.7
30,7.3,2,1.4,0.3
31,13.9,2.4,2.8,0.7
32,11.3,2.9,1.2,1.5
33,8.1,3.1,1.8,0.2
34,16.8,4.8,4.2,0.6
35,13.9,4.5,1.8,1.4
36,15.2,6.3,1.5,1.5
37,6.1,2.1,1.2,0.5
38,NA,NA,NA,NA
39,7.7,2.5,1,0.3
40,15.3,5,3.1,0.3
41,NA,NA,NA,NA
42,6.5,2.6,0.8,0.5
43,27.3,6.8,2.5,5
44,NA,NA,NA,NA
45,NA,NA,NA,NA
46,NA,NA,NA,NA
47,21,7.6,1.7,4
48,16,5.5,3,1.3
49,11.2,2.9,1.1,1.7
50,9.6,3.6,1.4,0.3
51,NA,NA,NA,NA
52,18.4,5.4,2.7,1.6
53,NA,NA,NA,NA
54,NA,NA,NA,NA
55,4,0,1,0
56,15.2,6.7,2.2,1
57,4.6,1.3,0.4,0.4
58,13.3,3.6,2.9,0.4
1,41.1,26.7,3.7,6.2
2,29.5,9.5,9.8,1.9
3,34.8,18.1,7.5,2.5
4,37.7,19.3,3,7.6
5,35.6,18.9,4.1,3.4
6,35.3,17.5,7.7,3.5
7,23.8,8,6.4,0.8
8,33.4,14.1,3.9,2.6
9,17.1,5.3,4.7,0.6
10,24.3,7.4,7.1,0.8
11,11.1,3.7,3,0.2
12,19,6.5,4.5,0.7
13,36.1,25,5.2,4.7
14,33.5,17,4.7,1.8
15,31.3,14.3,3,8.5
16,21.5,9.1,2.5,1.9
17,27.1,13.2,7.2,1.4
18,16.1,7.6,2.8,0.7
19,17.5,5.2,2.6,1.1
20,27.2,13,7.3,1.1
21,6.1,2.9,0.6,0.3
22,16.9,4.8,3.5,0.4
23,4.1,1.5,0.7,0.2
24,25.4,8.3,2.1,3
25,11.5,4.7,2.2,0.6
26,21.7,6.6,6.4,0.8
27,10.8,3.7,1.6,0.8
28,7.1,3.4,1.9,0.4
29,12.3,3.4,3.1,0.6
30,19.6,7.4,4.4,0.6
31,13.2,3.3,2.8,0.6
32,NA,NA,NA,NA
33,17.2,5.1,2,2.8
34,NA,NA,NA,NA
35,NA,NA,NA,NA
36,NA,NA,NA,NA
37,27.7,9.4,2,4.4
38,7.7,2.2,1.7,0.2
39,NA,NA,NA,NA
40,NA,NA,NA,NA
41,7.7,2.1,1.1,0.3
42,13.2,3.8,1.4,2
43,3.9,1.4,1.3,0.1
44,16.5,6.2,4.1,0.8
45,NA,NA,NA,NA
46,8.5,3.4,0.8,0.9
47,NA,NA,NA,NA
48,21.5,4.5,7.1,0.7
49,8.5,1.8,1.9,0.3
50,NA,NA,NA,NA
51,14.4,4.6,1.5,1.4
52,10.7,1.9,1.7,0.4
53,3.7,1.4,1.1,0.2
54,22.2,7.4,3.1,1.4
55,NA,NA,NA,NA
56,9.2,2.1,0.8,1.1
57,10,2.2,1.1,1.9
58,NA,NA,NA,NA
1,34,19,10.8,3
2,31.6,16,6.8,1.6
3,31.6,15.2,2.9,5.4
4,22.6,7.6,1.8,3.4
5,21.1,6.1,5.1,0.6
6,31.1,13.6,3.1,2.1
7,25.9,11.5,4.1,1.5
8,17.8,4.1,4.7,0.5
9,32.7,19.6,5.6,4.4
10,20.1,8.2,7.2,0.7
11,20.4,7.8,3.3,1.1
12,17.4,6.8,4,1
13,29.2,12,3.2,3.4
14,25,11,4.6,1.2
15,19.6,5.5,5.3,0.5
16,24.9,7.3,2.4,6.1
17,16,4.7,2.2,0.5
18,13.9,5.2,3.4,0.8
19,16.5,4.4,4.6,0.4
20,6.9,1.8,1.1,0.2
21,27.8,9.1,3.2,2.3
22,13.5,6.2,1.2,0.8
23,22.2,9.7,3.1,2.6
24,17.1,5.3,1.2,1.7
25,10.8,2.7,2.1,0.3
26,13.9,5.1,1.4,0.9
27,16.3,4.5,1.3,2.5
28,10,2.9,2.2,0.9
29,NA,NA,NA,NA
30,NA,NA,NA,NA
31,8.3,2.5,1.4,0.6
32,4.8,2.6,0.8,0
33,4.9,2.5,0.7,0.3
34,10.1,3.3,1.7,0.9
35,7.3,2.7,2.1,0.1
36,4.5,2.6,0.6,0.1
37,19.6,8.4,4.3,0.8
38,11.7,5.1,1.9,0.7
39,19.6,5.6,1.7,2.9
40,NA,NA,NA,NA
41,4.7,1.5,1.6,0.3
42,31.9,15.1,3.9,3.1
43,NA,NA,NA,NA
44,23.8,7.3,2.9,1.6
45,7.3,3.1,0.4,1.8
46,22.1,6.9,2.1,1
47,27.4,9,2.5,4.1
48,19.9,7.9,3.5,0.8
49,NA,NA,NA,NA
50,15.8,6.6,2.2,0.6
51,9.3,3.3,0.7,1.6
52,NA,NA,NA,NA
53,NA,NA,NA,NA
54,23.1,8.2,4.6,0.8
55,NA,NA,NA,NA
56,NA,NA,NA,NA
57,NA,NA,NA,NA
1,26.3,8.3,6.8,0.7
2,33.9,14.7,3.1,5.5
3,25.8,10.1,6.1,1.1
4,34.8,18.5,7.5,1.6
5,30.1,16.7,4.3,3.1
6,14.3,4.8,3.7,0.7
7,29.4,10.5,2.3,5.9
8,30.8,14.1,4.2,3.1
9,33.8,20.7,7.5,2.4
10,34.2,19.7,5.6,3.5
11,25.6,12.1,4.6,2.1
12,15,4.9,3.3,0.6
13,22.6,8.2,5.9,0.9
14,35.3,15.4,2.9,2.6
15,26.4,11.5,5.1,1.4
16,16.3,4.4,1.2,2.2
17,22.2,6.8,5.1,1
18,5.3,1.9,1.9,0.3
19,20,7.3,2.6,0.8
20,18.8,7.2,2.7,1.1
21,29.8,13.5,3.5,3.3
22,17.9,4.7,4.7,0.5
23,22.7,8.5,1.7,3.1
24,16.6,5.8,2.4,1
25,28.6,13.5,5.6,1.7
26,11.1,4.2,1.2,0.5
27,13.8,4.1,4.4,0.3
28,14.3,5.5,1.7,0.9
29,15.8,5.8,4.7,0.4
30,10.2,3.2,1.8,0.5
31,24.6,10.7,4.2,1.8
32,32,14.9,5.2,1.7
33,14.7,4.6,3.5,0.5
34,16.5,5.8,1.6,2.4
35,5.1,1.7,1,0.2
36,13.3,4.3,3.1,0.3
37,1.6,0.2,0.3,0
38,7.4,1.2,1.4,0
39,28.9,10.1,2.8,4.8
40,5,4.3,1.3,0.3
41,37,16,3.9,2.7
42,3.8,0.4,0.4,0
43,17.7,5.9,5.8,0.2
44,9.9,2.8,2.2,0.2
45,9.6,3.3,1.7,0.6
46,7.6,3,1.7,0.4
47,3,4,0,2
48,9.2,2.3,1.8,0.2
49,14.9,4.1,1.2,1.6
50,NA,NA,NA,NA
51,NA,NA,NA,NA
52,8.4,3.1,1.6,0.8
53,19.1,5,2.8,1.3
54,12,2.9,2.2,0.5
55,12.8,2.6,2.1,0.5
56,11,3.2,1.6,0.7
57,8.1,2.1,2.3,0.3
58,7.9,2.7,1.7,0.2
1,33,15.9,8.5,2.1
2,37.6,18.1,5.6,6
3,34.2,16.1,3.8,7.2
4,33.4,13.3,8.4,3.7
5,14.7,5.5,2.2,0.6
6,30.8,14.1,4,2.4
7,32.1,17.1,3.1,3.4
8,30.9,12.5,3.7,6.5
9,34.5,15.2,8.7,1.9
10,29.8,13.4,2.3,3.8
11,14.6,5.4,1.3,1.3
12,10.1,1.7,2.4,0.5
13,28.2,16,4.9,2.1
14,8.5,2.7,0.7,1.4
15,NA,NA,NA,NA
16,31.7,13.2,4.5,2.7
17,9.7,3,1.9,0.2
18,26.9,8.6,4.7,1.6
19,11.7,3.6,1.3,0.6
20,20.9,8.2,3.1,1.5
21,20.6,4.9,6.9,0.9
22,27.4,9.3,6.9,1.5
23,18.5,5.6,3.1,0.9
24,30,11.8,5.5,2.7
25,6.1,1.6,1.1,0.3
26,19,6.9,1.9,2.7
27,20.8,7.1,4.2,0.9
28,12.5,4.2,2.7,0.7
29,6.9,2.2,2.2,0.2
30,11.6,2.3,0.7,1.3
31,NA,NA,NA,NA
32,14.4,1.7,3.9,0.6
33,14.4,3.2,1,2.4
34,14,2.8,3.9,0.5
35,12.2,3.3,2.8,0.4
36,9.2,4.4,1.7,0.3
37,10.6,3.6,2.7,0.2
38,11.4,3.3,1.5,1.2
39,7.6,1,2.8,0
40,23,9.6,2.5,1.5
41,15.3,3.7,3.5,0.6
42,NA,NA,NA,NA
43,19,8.6,3.1,1
44,NA,NA,NA,NA
45,25,5,0,0
46,NA,NA,NA,NA
47,15.4,6.1,4,0.5
48,NA,NA,NA,NA
49,5.6,1.4,1.4,0.1
50,NA,NA,NA,NA
51,NA,NA,NA,NA
52,NA,NA,NA,NA
53,18.2,6.4,2.6,0.8
54,NA,NA,NA,NA
55,NA,NA,NA,NA
56,5.5,2.2,1.4,0.2
57,25.4,13.3,3.5,3.8
58,NA,NA,NA,NA
1,30.6,12.3,6.8,1.9
2,19.8,8.4,4.6,0.5
3,26.3,10.1,4.9,1.9
4,20.9,9.6,4.6,1.2
5,26.9,10.6,4.2,2.6
6,17.2,6.2,2.2,0.9
7,20.1,7.5,5.3,0.5
8,29.4,14.6,2.2,3.4
9,19.8,3.9,6.2,0.4
10,19.4,7,1.3,2.2
11,9.6,2.7,2.7,0.3
12,17.3,5.7,4.7,0.4
13,21.7,9,2.2,1.2
14,11.2,3.6,1,1.9
15,14.4,5.6,2.9,0.3
16,26.8,11.1,4,2.8
17,30.5,12.1,4.5,1.6
18,26.5,10.3,4.7,1.5
19,21.5,7.2,6.5,0.6
20,25.6,9.3,2.5,4.3
21,27.2,10.7,3.5,1.5
22,16.2,5.6,4,0.8
23,22.3,7.2,2.2,1.6
24,10.2,2.6,2.5,0.4
25,15.9,4.8,3.9,0.3
26,12.4,3.8,3.3,0.1
27,18.1,7.2,3.9,0.5
28,9.9,2.9,0.8,1.5
29,11.8,2.2,2.6,0.4
30,25.2,7.1,2.7,3.6
31,9.4,3,1.5,0.3
32,15.6,5.5,1,1.8
33,14.3,4,3.4,0.5
34,18.7,6.3,1.6,2.9
35,10.6,3,1.3,0.6
36,6.4,1.4,1.6,0.1
37,17.3,7.5,1.7,1.6
38,18.1,4.9,3.7,0.8
39,7.3,3.2,0.7,0.2
40,15.2,4.6,2.9,0.5
41,NA,NA,NA,NA
42,6.3,1.4,2.1,0.1
43,32,19,3.8,2.1
44,14.2,4.6,2.3,1
45,9.8,3,1.6,0.6
46,NA,NA,NA,NA
47,NA,NA,NA,NA
48,NA,NA,NA,NA
49,15.5,4.8,1.7,2.3
50,4.5,1.2,0.6,0.1
51,5.8,1.9,0.4,0.8
52,7,1,2,0
53,9.7,3,2.8,0.2
54,NA,NA,NA,NA
55,22.5,8.6,3.7,1.2
56,NA,NA,NA,NA
57,NA,NA,NA,NA
58,NA,NA,NA,NA
1,22.1,6.6,5.5,0.9
2,27.3,8.2,9,0.8
3,33.4,17,9.2,3.2
4,24.9,12.9,5.2,0.5
5,34.1,17.1,5,2.7
6,30.7,8.6,4.2,1.8
7,22.2,7.2,5.8,0.8
8,14,2,3.7,0.4
9,15.4,7.1,2.2,1.1
10,34.6,16,4,3.9
11,13.5,3.6,2.4,0.7
12,21.9,8,3.8,1.4
13,29,12.6,4,2
14,27.3,10.8,7.8,1.5
15,15,4.5,3.2,0.2
16,5,1.2,1,0.3
17,11.7,2.8,3.4,0.5
18,20.4,3.6,3.7,0.9
19,31,16.6,9.1,1.8
20,22.9,6.8,6,0.5
21,5,1.2,0.7,0.7
22,12.9,2.5,2.3,0.8
23,6.5,2.2,0.6,0.2
24,18.9,6.5,1.7,3.8
25,29.7,11.9,5.8,2.1
26,24.4,7.7,7.8,0.5
27,26.4,8.5,2.9,6.1
28,30.5,15.5,2.7,5.6
30,25.3,5.8,2.8,1.8
31,35.1,20.7,3.9,5.3
32,9.7,1.7,0.6,2.1
33,13.8,5.1,1.1,2
34,13.9,3.4,2.7,0.7
35,13,3.1,2,0.8
36,8.7,2.8,1.4,0.7
37,9,2.8,1.3,0.5
38,29.1,13.5,7,1.7
39,NA,NA,NA,NA
40,22.2,6.4,2.3,4.4
41,8.7,1.6,0.9,1
42,24.7,9,3.8,1.5
43,NA,NA,NA,NA
44,NA,NA,NA,NA
45,12.2,4.5,2.1,0.7
46,11.3,2.6,3.2,0.3
47,NA,NA,NA,NA
48,11.4,3.9,2.2,0.4
49,9.8,2,2,0
50,6.3,1,1.3,0.1
51,7.2,2.5,1.7,0.2
52,NA,NA,NA,NA
53,15.8,3.9,2.9,0.8
54,14.2,4.3,1.3,2.3
55,NA,NA,NA,NA
56,NA,NA,NA,NA
57,5.5,1.1,1.6,0.1
58,NA,NA,NA,NA
1,32.5,19,9.2,1.6
2,26.1,9.5,2.6,4.7
3,27.7,11.2,4.3,2.2
4,25.5,11,7.1,1.1
5,11.3,2.9,1.8,0.7
6,21.4,9.4,1.4,1.9
7,26.2,11.3,6,1.8
8,19.9,8.2,4.9,0.7
9,31,18.9,7.8,1.2
10,32.2,14.1,5,2.3
11,21.6,4.8,4.1,1.3
12,16,5.3,3.2,0.7
13,9.6,3.5,1.5,0.2
14,24,7.5,2.2,2.3
15,17.8,7.1,2.6,0.9
16,18.6,6.1,2.4,1.5
17,19.5,8.4,1.9,1.8
18,13.5,3.1,3.3,0.8
19,9.1,2.3,2.2,0.2
20,17.2,6.4,1.7,1
21,12.3,4.1,2.3,0.6
22,18.5,5.2,1.8,1.1
23,31,11.1,4.3,2.4
24,25.2,10,5.4,0.8
25,11.1,2.9,0.9,1.9
26,26.4,9.3,2.9,2.4
27,12,3.9,1.2,0.4
28,15.4,5.8,1.4,2.5
30,NA,NA,NA,NA
31,17.7,6.3,1.7,1.3
32,7.5,1.2,1.6,0.4
33,23.4,6.9,2.7,2.2
34,14.8,4.7,4.4,0.4
35,31.2,16.2,9.5,2.2
36,NA,NA,NA,NA
37,12.3,4.9,2.8,0.6
38,3.9,1.2,0.8,0.6
39,NA,NA,NA,NA
40,25.8,10.9,2.6,2.2
41,7.8,2.7,2.6,0.2
42,22.7,9.9,2.1,2.3
43,NA,NA,NA,NA
44,11.6,3.9,2.9,0.2
45,NA,NA,NA,NA
46,23.6,8.2,4.6,1.8
47,8.8,2,3.4,0.4
48,6,4,1,0
49,NA,NA,NA,NA
50,18.6,6.9,3.4,1.2
51,NA,NA,NA,NA
52,NA,NA,NA,NA
53,21.3,7.5,2.4,0.8
54,7.8,2.6,1.1,0.5
55,NA,NA,NA,NA
56,25.6,12,6.7,1.6
57,2.8,0.5,0.3,0
58,11,2.7,2.5,0.3
1,38.2,27.1,7.5,7.4
2,18.5,6,4.2,0.9
3,34.7,22.6,6.2,2.7
4,35.8,19.2,8.5,2
5,33.9,22,4.7,5.4
6,26.7,11.2,7.6,1.3
7,30.7,10.9,2.9,4.8
8,27.7,11.2,3.1,5.8
9,15.5,6.5,4.5,0.6
10,23.2,8.3,3.1,1.1
11,21.5,8.3,3.1,0.8
12,20.4,5.9,5.2,1
13,16,5.9,1.5,2.1
14,26.1,9.3,2.3,4.5
15,8.5,1.7,0.7,0.7
16,5.7,1.8,0.7,0.7
17,10.3,4.3,2.1,0.6
18,28.2,13.6,6.4,2.2
19,15.7,4.9,1.8,0.9
20,15.7,5.4,1.7,0.8
21,27,8.6,4.4,3.5
22,10.7,3.8,1.3,1.1
23,20.9,8.5,3.2,0.8
24,13.4,5.5,2.6,0.6
25,22.8,8.1,3.6,1.7
26,4.5,2.1,1,0.2
27,21.9,5.4,5.8,1
28,21.6,10.6,2,2.1
29,30.3,14.3,5.7,1.6
30,9.9,3.4,2.2,0.3
31,17.8,6.7,1.7,0.8
32,17.2,4.7,2.8,2.3
33,2.5,1,0.5,0
34,NA,NA,NA,NA
35,NA,NA,NA,NA
36,NA,NA,NA,NA
37,12.4,3,1.7,0.5
38,23.9,6.5,2.1,4
39,3,0,0,0
40,16,2,2,3.5
41,20.2,8.3,1.8,1.4
42,20.3,6.8,5.8,1.3
43,21.6,6.3,2.7,1.3
44,NA,NA,NA,NA
45,16.9,5.8,3,0.7
46,NA,NA,NA,NA
47,29.2,13.2,2.8,4.9
48,5,1,1,0.2
49,15.7,5.2,1.8,0.5
50,NA,NA,NA,NA
51,25.3,9.7,3,1.7
52,NA,NA,NA,NA
53,NA,NA,NA,NA
54,NA,NA,NA,NA
55,NA,NA,NA,NA
56,9.4,3.3,2.8,0.3
57,NA,NA,NA,NA
58,6.2,1.3,0.6,0.1
1,31.9,15.8,11.8,1.4
2,30.9,12,9.7,0.8
3,27.4,14.9,2.5,2.5
4,20.6,6.3,2.4,3
5,24.3,10.8,2.2,3.9
6,26.7,9.1,4.7,1.6
7,34.3,14.8,6.1,2.3
8,11.4,2.8,2.8,0.3
9,32.3,11.4,4.9,4.2
10,9.9,3.5,1.2,0.8
11,21.6,6.3,7,0.9
12,15.5,4.3,3.9,0.2
13,21.5,7.4,1.6,3.5
14,17.8,6.7,5.4,0.7
15,28.7,15.7,8.4,1.5
16,16.8,6.3,2.3,1.1
17,32.4,14.5,7.4,3.1
18,26.9,12.4,3.1,2.1
19,22.4,8.4,3.8,1.5
20,27.9,11.3,3,5.1
21,4.7,0.7,1.5,0
22,16.4,4.5,3.4,1
23,13.2,3,2,0.7
24,27.4,9.7,2.9,3.6
25,22,8.1,3.5,1.3
26,30.2,17.4,3.2,1.9
27,15.3,5.3,1.9,1.3
28,21.9,8.4,2.1,3.4
29,14.2,5,2.9,0.2
30,23.9,7.2,7.2,1.2
31,12.8,3.3,3,0.6
32,3.3,1.8,0.7,0
33,12,3.1,0.9,1.4
34,9.2,2.7,1.1,0.8
35,5.2,1.4,0.6,0.1
36,9.7,2.3,0.6,1.3
37,12.5,3.3,1.1,1
38,25.6,6.5,2.3,4.4
39,NA,NA,NA,NA
40,10.6,3.5,1.4,0.5
41,NA,NA,NA,NA
42,NA,NA,NA,NA
43,29.5,10.4,4.8,2.1
44,NA,NA,NA,NA
45,14.9,4.5,2.5,1
46,6.9,1.5,1.5,0.1
47,11.6,2.9,2.8,0.2
48,NA,NA,NA,NA
49,NA,NA,NA,NA
50,8.8,2.7,0.7,0.9
51,NA,NA,NA,NA
52,NA,NA,NA,NA
53,14,3.2,2,0.6
54,NA,NA,NA,NA
55,4.8,2.2,0.2,0.7
56,NA,NA,NA,NA
57,NA,NA,NA,NA
58,NA,NA,NA,NA
59,NA,NA,NA,NA
1,28.1,9.6,8.7,2.2
2,28.1,10.2,5.2,1.3
3,34.2,16.3,3.1,8.1
4,34.6,18.2,4.5,9.5
5,29.7,11.2,3,5.2
6,24,8.7,3.1,1
7,20.7,10.4,4.6,0.8
8,22.2,8.7,4.5,1
9,12.4,6,3.1,0.3
10,25.6,11.5,7.7,1.2
11,NA,NA,NA,NA
12,4.9,1.1,0.5,0.4
13,15.7,6.9,4,1
14,20.2,10,2,1.3
15,19.2,5.4,2.3,1
16,16.2,5.9,2.8,0.5
17,31.5,16.8,4.9,1.9
18,19.8,9.7,2.5,0.9
19,20.2,9.4,4,0.8
20,4.3,1.2,0.7,0.8
21,22.5,11,2.3,3
22,27.8,10.8,2.9,4.6
23,21.6,7.9,2.6,1.4
24,22.4,8.2,2.4,2.1
25,15.4,4.7,3.9,0.5
26,18.4,5.6,4.2,0.4
27,20,8.7,3.6,0.8
28,16.8,5.2,4.4,0.6
29,9.9,3.3,1.9,0.2
30,29.3,13.5,8.8,2.2
31,17,8,1.4,1
32,13.3,3.4,1.2,1.4
33,21.6,8.7,4.5,0.8
34,20.4,9.6,2.4,1.1
35,NA,NA,NA,NA
36,23,10.1,5.6,1.1
37,17,4.7,3.7,1.3
38,14.9,4.8,1.4,2.4
39,12.4,5.3,1.2,0.7
40,34.8,17.8,3.5,4.6
41,11.6,4,0.9,1.9
42,8.5,2.8,2.1,0.1
43,1.2,0,0.2,0
44,1.5,0,0.7,0
45,24.3,14,2.2,3.4
46,NA,NA,NA,NA
47,12.5,5,1.5,0.8
48,16.2,4.6,2.3,0.8
49,22.1,10.1,5.4,1.4
50,27.6,10.1,4.6,1.5
51,9.2,2.1,1.9,0.7
52,NA,NA,NA,NA
53,11.9,2.5,1.5,1.2
54,5.8,2.8,1.2,0.2
55,13.2,3.8,3.6,0.4
56,21.1,7,5.4,1.2
57,25.7,9.9,7.9,1.1
58,3.6,1.9,0.7,0.1
59,NA,NA,NA,NA
60,7.8,2.7,1,0.5
1,28.7,14.3,4.6,1.2
2,33.8,19.2,8.1,1.9
3,20.4,7.5,2.1,1.4
4,19.7,7.7,4.8,0.9
5,15.5,4.5,4.3,0.5
6,35.5,18.8,4.3,4.7
7,25.6,10.3,2.2,2.8
8,32,16.5,5.8,2.1
9,5.8,2.1,1.4,0.3
10,5.5,2.2,1.6,0
11,25.5,12.8,2,2
12,11.6,3,2.6,0.3
13,21.9,5.7,3.7,1.4
14,23,7.8,2.8,1.6
15,9.4,2.2,1.9,0.2
16,15.4,5.9,2,0.4
17,17.1,5.6,3,0.7
18,9.4,3.9,2.4,0.2
19,10.7,4.1,1.1,0.7
20,13.9,4,3.5,0.6
21,30,9.8,4.6,7.9
22,15.2,5.6,1.8,2.8
23,17.5,5.2,4.9,0.5
24,31.9,14.8,4.4,6.3
25,18,7.6,1.9,1.1
26,19.5,7.7,1.9,2.9
27,15,4.9,1.5,3.4
28,6.2,2.1,0.6,0.2
29,14.7,3.9,1.8,1.7
30,12.1,3.2,3.4,0.4
31,8.7,2.7,1,0.5
32,12.1,4.7,1.3,0.3
33,11,3,2.3,0.4
34,8.6,2.6,1.9,0.4
35,29.1,7.2,5.7,1.5
36,16.9,7.6,3.9,0.8
37,9.5,3.2,1.6,0.5
38,5.4,1.4,1.9,0.1
39,11.6,2.7,1.8,1
40,NA,NA,NA,NA
41,5.8,1.6,1.2,0.1
42,23.5,7.8,2,2
43,6.6,1.9,0.7,0.3
44,NA,NA,NA,NA
45,12.8,4.3,2.7,0.3
46,10.5,2.1,1,1.8
47,28.2,13.5,7.1,2.2
48,NA,NA,NA,NA
49,13.9,6.2,3.8,0.3
50,11.8,3.7,2.2,0.3
51,5.2,1,1.4,0
52,3,0.8,0.3,0.2
53,NA,NA,NA,NA
54,7.5,2.5,1.2,0.2
55,NA,NA,NA,NA
56,NA,NA,NA,NA
57,NA,NA,NA,NA
58,NA,NA,NA,NA
59,5.7,1.7,1,0.2
60,11.9,1.8,1.1,1.2
1,19.3,8,6.2,0.5
2,36.7,27.1,7.1,4.2
3,32.2,13.7,8.2,3.3
4,32,14.9,3,5.6
5,29.1,12.7,4.3,1.5
6,22.2,7.9,4.9,0.7
7,22.9,8.7,2.8,1.5
8,16.2,7,3.6,0.5
9,27.7,8.8,9,2.8
10,22.7,8.7,5.7,1.9
11,12.7,3.9,1,1.6
12,29.5,12.9,5.9,1.8
13,13.2,3.9,2.3,0.8
14,28,11.9,4.2,1.2
15,27.5,12.6,2.9,3.6
16,22.8,11.4,2,1
17,14.4,4.2,3.4,0.3
18,22.7,9.7,2.1,1.7
19,16.4,5.3,2.4,1.8
20,16.3,6.1,3.4,0.7
21,18.3,6.4,2.1,0.7
22,22.3,7.3,3.2,1.5
23,30,12.5,5.3,1.8
24,24,9.1,2.4,2.2
25,9.5,3.1,1.2,0.3
26,20.8,9.7,1.7,3
27,27.3,10.8,2.9,1.8
28,19.2,7.9,5,1.2
29,8.4,4.1,1,0.3
30,NA,NA,NA,NA
31,22.5,10.8,4.9,0.7
32,7.4,2,0.8,0.8
33,3,1.1,0.9,0.2
34,10.3,4.1,3.4,0.4
35,21.1,8,4.4,0.9
36,8.3,3.1,1.8,0.3
37,19.1,5.4,3.9,2.1
38,8.2,2.3,2,0.3
39,NA,NA,NA,NA
40,2.8,0.6,0,0.2
41,11.1,1.9,2.8,0.4
42,18.5,5,5.5,0.5
43,NA,NA,NA,NA
44,NA,NA,NA,NA
45,NA,NA,NA,NA
46,18.9,5.2,3.3,0.2
47,15.6,2.7,3.4,1.2
48,32.2,14,7.4,3.4
49,12.1,3.4,3.7,0.7
50,NA,NA,NA,NA
51,0,0,0,0
52,4.4,1.6,0.6,0.6
53,3.2,1.2,0.4,0.1
54,NA,NA,NA,NA
55,NA,NA,NA,NA
56,23.3,10.3,2.7,4.1
57,NA,NA,NA,NA
58,NA,NA,NA,NA
59,8.2,2.2,0.8,0.9
60,NA,NA,NA,NA
1,31.7,18.2,3.3,5.4
2,22.8,12.4,4.7,1.3
3,30.9,13.8,3.1,2.9
4,34.7,22.9,7.4,8.5
5,31.1,17.8,10.8,2.4
6,29.9,15.6,4.8,1.9
7,32.5,16.5,2.4,2.9
8,11.1,4.2,1.8,0.7
9,23.5,9.6,1.9,3.9
10,30.3,16.5,6.3,1.4
11,21.3,8.4,2.1,2.9
12,25.2,8.9,6.6,1.1
13,22,6.8,2.9,1
14,15.2,7.1,4.3,0.7
15,22,8.8,4.9,0.8
16,15.1,7.9,4.1,0.7
17,24.8,10,6.3,1.3
18,17.1,8,5.3,0.4
19,22.3,9.5,6.8,0.8
20,13.3,5.3,3.9,0.5
21,25.8,12.3,5.3,0.9
22,27.1,9.6,2.6,1.7
23,16.4,5.7,5,0.5
24,27.8,12.2,7.2,0.8
25,30.8,11.2,5.2,3.5
26,27.4,10.8,3.1,3.1
27,17.8,6.5,3.5,0.8
28,16.8,6.1,2.4,0.7
29,15.3,5.9,3.2,0.6
30,6.5,1.9,1.4,0.3
31,24.9,12.6,6.7,0.7
32,2.5,1,0.4,0
33,11.4,2.6,3.9,0.4
34,26.7,8.9,2.5,3.7
35,27,9.2,10.4,1
36,19.6,5.3,7.1,0.6
37,23.3,6.4,4.1,0.9
38,18.9,5,2.2,1.6
39,18.2,6.5,2.2,1.4
40,19.7,7.1,2.1,1.1
41,9.6,2.8,2.4,0.5
42,8.2,2.4,0.9,0.8
43,2.7,0.4,0.3,0.3
44,NA,NA,NA,NA
45,27.9,13.9,3.1,4.8
46,NA,NA,NA,NA
47,16.7,6,2.2,0.8
48,7.6,2.4,1.2,0.5
49,NA,NA,NA,NA
50,NA,NA,NA,NA
51,NA,NA,NA,NA
52,7.5,2.2,1.5,0.2
53,NA,NA,NA,NA
54,NA,NA,NA,NA
55,15.1,5.7,1.7,2.1
56,3.8,0.9,1,0.1
57,NA,NA,NA,NA
58,11.5,4.5,2,0.5
59,NA,NA,NA,NA
60,13.4,3.8,2.8,0.4
1,33.1,20,8.3,4.2
2,10.5,2.2,2.7,0.1
3,34.6,25,5.6,6.7
4,30.7,15.7,4.6,4.8
5,30.3,11.1,4.2,7.6
6,22.9,9.2,1.9,3.9
7,34.4,24.3,4.6,6.5
8,18.8,7.9,5.8,0.8
9,34.2,20.6,4.4,3.9
10,30.3,14.1,3,5.7
11,19.1,7.1,3.6,2.4
12,25.9,11.2,3.2,1.9
13,16.9,6.7,4.2,0.4
14,13.9,4.4,3,0.5
15,14.1,5.2,2.6,0.7
16,20.5,7.8,3.6,2.1
17,33.2,16.1,4,6.4
18,29.2,12.7,2.7,6
19,26.8,12.2,2.4,5.6
20,14.6,4.3,1.3,2.8
21,29.3,12.5,2.7,5
22,13.4,3.2,2.2,0.7
23,20.3,7.9,4,1.1
24,18.2,7.4,4.2,0.8
25,15.9,7.1,1.9,2.1
26,24.6,9.1,6.1,1
27,23.7,8.9,4.2,1.3
28,20.9,8,2.1,1.1
29,19.1,7.6,2.2,2.3
30,20.6,6.3,2.7,0.8
31,9.8,2.9,2.7,0.4
32,12.1,5.4,1.7,0.7
33,20.8,5.8,3.7,0.7
34,NA,NA,NA,NA
35,9.9,3.3,1,0.3
36,15.9,5.8,2.3,0.7
37,16.6,6.8,5.1,0.8
38,10.5,2.1,3.1,0.3
39,17.8,6.2,4,0.8
40,14.9,5.2,2.4,0.7
41,22.5,9.3,2.1,1.1
42,27.5,8.8,4.3,3.5
43,23.4,11.9,2.8,1.4
44,19.7,7.9,3,1.2
45,15.6,4.6,1.9,2.7
46,25.5,8.8,3.5,1.6
47,NA,NA,NA,NA
48,4,1.3,0.3,0.1
49,NA,NA,NA,NA
50,NA,NA,NA,NA
51,NA,NA,NA,NA
52,15.1,5.8,1.4,2.2
53,11.9,3.8,1.8,1.7
54,NA,NA,NA,NA
55,20.7,9.2,1.7,2.3
56,NA,NA,NA,NA
57,NA,NA,NA,NA
58,10.4,4.7,1.4,1.2
59,NA,NA,NA,NA
60,NA,NA,NA,NA
1,35.6,19.1,4.3,9.1
2,26.9,9.7,4.6,3.5
3,24.3,10.6,7.1,1.1
4,22.1,7,3.2,1.1
5,30.4,19.9,10.4,3.1
6,14.8,3.5,2.9,0.7
7,27.5,13.1,8.2,2.1
8,24.9,7.5,6,1.2
9,31.1,15.6,4.5,3.5
10,33.6,20.4,6.4,3.6
11,10,3.1,3.3,0.5
12,15.7,5.7,1.9,0.6
13,19.3,6,6.5,0.8
14,20.8,6.7,3.9,1
15,19.5,6.4,5.7,0.7
16,14,4.8,2.2,0.6
17,15.2,5.9,3.5,0.6
18,27.8,13.7,3.9,4.7
19,27.7,11.1,2.8,1.7
20,17.5,5.8,2.3,1.2
21,7.1,1.8,1.1,0.5
22,13.5,4.9,1.5,0.9
23,20.4,6.9,5.5,1.1
24,16,3.8,3.4,0.7
25,9.3,3.1,1.4,1.8
26,15.6,4.5,1.8,0.7
27,24.4,12.2,2.5,3.1
28,23.7,9,2.5,4.8
29,10.6,2.8,2.5,0.5
30,8.2,2.9,1.3,0.5
31,6.8,2,1.3,0.2
32,6.9,2.3,1.8,0.2
33,25.1,12.8,11,0.6
34,8.5,3.3,1,1.2
35,20.5,7.7,4.6,1.8
36,NA,NA,NA,NA
37,7.8,0.8,0.6,1.2
38,4.8,1.6,0.2,0.6
39,23.6,6.8,4.3,1.6
40,23.1,8.6,4.1,2.9
41,10.7,2.9,1.9,0.4
42,NA,NA,NA,NA
43,11.3,3.6,1.9,0.4
44,7.6,2.8,2,0.3
45,NA,NA,NA,NA
46,2,0,0,0
47,NA,NA,NA,NA
48,NA,NA,NA,NA
49,NA,NA,NA,NA
50,7,1.5,2.3,0.2
51,NA,NA,NA,NA
52,12.4,3.6,2.8,0.5
53,7,2.3,1,0.7
54,7.1,1.9,0.6,1.4
55,10.5,3.5,2.6,0.4
56,4.8,0.6,0.8,0.1
57,3.4,1.6,0.4,0
58,5.2,2,1,0.2
59,NA,NA,NA,NA
60,NA,NA,NA,NA
1,33.9,22.9,3.8,5.7
2,20.7,8.9,4,0.7
3,21.5,11.2,7.8,0.9
4,27.1,9.1,8.5,1
5,26.1,13.3,9.4,1.1
6,15.2,3.6,3.5,0.6
7,20.2,5.2,6.2,0.6
8,29.4,14,3.1,4
9,33.3,19.5,3.8,5.3
10,13.3,6,1,1.4
11,32.9,19.4,3.5,2.3
12,22.6,10.5,3.4,2
13,24.9,11,5.2,1.6
14,27.1,12.4,4.6,1.5
15,31.3,19.2,6.4,2.9
16,30.9,17,10.5,2.8
17,24.9,7.2,3.3,1.8
18,17.6,4.1,3.2,0.6
19,31.3,16.4,6.2,2.3
20,18.2,7.3,3.8,1.1
21,9.9,3.3,1,1.2
22,24.5,11.4,8.1,1
23,24.2,12.3,5.9,1.3
24,25.4,12.9,3,4.3
25,17.3,8,2.1,1.4
26,13.9,5.9,2.8,0.8
27,8.3,3.2,1.6,0.2
28,22.3,7,2,2.7
29,22.1,7.1,2.6,3
30,33.1,17.6,5.3,4.1
31,29,14.9,3.6,1.6
32,6.8,2,0.8,0.2
33,21.9,6.5,2.9,0.8
34,18.4,6.6,2,3.1
35,5,1.2,1,0.4
36,14.8,4.6,3.6,0.3
37,5,2.4,1,0.1
38,30.1,12.7,4.5,2.7
39,9.9,3.6,2.6,0.2
40,15.8,6.4,3.8,0.8
41,11.1,3.3,1,1.4
42,19.4,8.3,2.7,1
43,14.8,3.9,1.8,1.4
44,12.1,3.7,0.9,1.9
45,11.8,3.5,3,0.3
46,9.7,4,0.7,0.5
47,4.5,1.4,0.9,0.5
48,3,0,1,0
49,7.8,2.2,0.5,0.9
50,17.8,4.8,4.8,1
51,NA,NA,NA,NA
52,5.9,2,1.5,0.2
53,10.8,2,1.4,0.7
54,NA,NA,NA,NA
55,21,7.9,2,1.8
56,NA,NA,NA,NA
57,NA,NA,NA,NA
58,NA,NA,NA,NA
59,NA,NA,NA,NA
60,28.8,18,2.4,4.9
1,34.4,23.8,10.2,2.3
2,24.6,8.4,5.4,1.2
3,34.8,22.1,4.1,4.2
4,28.2,13.1,2.6,2.8
5,13.4,4.9,4.8,0.6
6,36.3,24.6,4.2,6.6
7,31.8,14.1,5.1,1.8
8,24.9,11.3,2.8,1.3
9,29.8,13.9,13.4,1.4
10,24.2,8.9,2.1,2.2
11,16,5.6,3.9,0.9
12,20.8,10.2,3.6,1.6
13,19.3,5,1.6,4.9
14,19.7,7.6,5.3,1.1
15,22.7,6.9,3.6,0.9
16,3,0,0,0
17,17.5,6.9,4.4,0.9
18,23.8,10.4,5.7,1
19,14.3,6,3,0.4
20,28.6,14.3,2.8,2.6
21,24.3,10.8,7.5,1.8
22,6,1.2,0.5,0
23,12.8,5,1.5,0.8
24,7.2,2.3,0.7,0.5
25,21.2,11.1,2.5,3
26,16.4,4.9,4.5,0.5
27,12.4,3.6,3.1,0.2
28,11.7,3.4,1.8,0.4
29,10,2.4,1,1.5
30,14.1,4.2,4.3,0.4
31,19.4,6.1,2,0.8
32,22.4,7,2.9,4
33,8.3,2.2,2.3,0.1
34,25.2,9.6,4.2,1.6
35,28.5,8.7,6.9,5.4
36,10.8,3.2,1.7,0.7
37,16,4.9,3.5,0.6
38,13.5,4.3,2.4,0.5
39,31.7,17,4.9,3.7
40,25.7,11.6,4.3,2.7
41,8,2.9,0.5,0.9
42,12.7,3.5,1,0.8
43,16.5,6.7,3.1,0.9
44,9.9,2.9,0.9,0.6
45,17.4,6.1,3.6,0.8
46,19.8,5.9,1.6,1.4
47,3.1,0.9,0.2,0.1
48,15.8,3.6,2.3,1.5
49,14.2,5.4,4.6,1.4
50,NA,NA,NA,NA
51,5.4,0.9,0.7,0.1
52,4.4,0.9,1,0.2
53,13.2,2.3,4.3,0.7
54,5.5,1.3,0.9,0.4
55,3,0,0.9,0.3
56,NA,NA,NA,NA
57,NA,NA,NA,NA
58,14.3,3.9,2.7,0.5
59,NA,NA,NA,NA
60,14.5,4.2,3.1,0.7
1,12.6,4.4,3.1,0.5
2,33,17.5,4.6,4
3,26,10.7,5,1.5
4,22.2,8.5,6,1.4
5,19,7.7,5.9,0.9
6,22.4,7.3,6.2,1.1
7,22.5,8.9,2.3,1
8,29.1,11.4,3.1,1.7
9,21.1,9.8,1.8,3.1
10,31.5,19.1,3.4,3.4
11,25.3,10.3,4.4,4.4
12,26.8,9.4,7.9,1.4
13,22.1,10.1,5.1,2
14,17.2,9,2.8,0.5
15,32.5,21.6,9.3,4.6
16,12.4,3.2,2.8,0.5
17,26.5,14.3,2.9,4.7
18,19.1,5.5,1.9,2.9
19,11.7,3,1.5,0.9
20,21.9,6.1,2.3,1.1
21,20.7,7.5,5.8,1.3
22,22.3,8.4,6.6,2.4
23,21.5,5.5,3.1,1.5
24,27,13.9,2.8,1.9
25,22,7.7,2.5,1.2
26,22.2,4.5,4,0.9
27,29.9,12.3,11.5,1.3
28,NA,NA,NA,NA
29,14.5,6.3,2,1.2
30,5.9,1.1,0.6,0.5
31,24,9.1,2.8,1.1
32,16,5.3,1.4,0.5
33,5.4,2.7,0.9,0.6
34,20.4,8.1,1.9,1.9
35,9.5,2.7,1.5,0.6
36,18.2,6,2,2.4
37,3.8,1,1.2,0.1
38,18.8,5.5,2.2,2.5
39,10.1,3.2,2.5,0.3
40,6.4,2,1.1,0.4
41,7.3,1.8,1,0.4
42,10.5,4.4,1.1,2.4
43,9.9,3.9,1.4,0.8
44,15.5,6.2,3.2,0.9
45,NA,NA,NA,NA
46,8.7,3.1,0.7,0.8
47,16.1,5.9,1.6,2.1
48,19.2,6,3.1,1.3
49,2.6,0.3,0.3,0.1
50,20.3,6.7,3.3,0.9
51,NA,NA,NA,NA
52,11.5,2.8,1.5,1.8
53,NA,NA,NA,NA
54,NA,NA,NA,NA
55,13.6,5.6,3.8,0.9
56,9.3,2.3,0.6,1.4
57,NA,NA,NA,NA
58,NA,NA,NA,NA
59,NA,NA,NA,NA
60,NA,NA,NA,NA
1,35.1,19.4,4.4,2.3
2,27.5,14.1,5.5,2
3,30.9,25.5,11.3,3.3
4,28.8,12.9,6.3,2.5
5,18.6,5.7,1.8,2.1
6,29.7,10.3,3.6,4.3
7,31.1,17.6,9.3,3.5
8,19.8,6.8,2.1,1.5
9,16.8,4.9,5.1,0.8
10,27.2,10.3,4.1,5.8
11,20.9,9.2,2.4,0.9
12,25.2,11.7,5.9,2
13,31.7,19.6,3.9,3.9
14,28.8,15.5,4.1,1.2
15,13.1,4,2.9,0.6
16,23.9,12.2,8.5,2.2
17,8.5,2.3,1,0.3
18,12.6,4.2,1.3,1.9
19,28.9,11.9,2.5,2.1
20,12.3,4.2,2.6,0.7
21,10.7,4.4,3.5,0.3
22,8.2,3.2,0.9,0.6
23,24.9,10.6,2.6,1.7
24,17.4,7.1,1.9,2.5
25,26.8,12.5,10.6,1
26,18,6,2.4,0.5
27,28.5,13.9,3.4,3.4
28,5.7,2,0.5,0.5
29,14.1,2.5,2.4,0.3
30,21,6.6,4.3,2.3
31,7.8,1.8,1.6,0.5
32,14.1,5.3,2.2,0.6
33,25.6,11.1,3.2,1.6
34,14.3,4.3,2.2,0.8
35,5.4,2.4,1.4,0.3
36,11.5,3.5,2.4,0.5
37,NA,NA,NA,NA
38,26.3,12.8,3,5.1
39,25.9,11.2,4,1.3
40,17.4,5.9,2.6,0.8
41,30.2,19.2,10.2,6.2
42,9.4,2.6,1.4,0.4
43,7.8,2.5,2.5,0.3
44,15.9,5.2,2.1,1.2
45,18.7,7.5,4.5,1
46,26.9,15.3,3.3,2.5
47,4.9,2,0.6,0.7
48,10.9,2.3,1.4,1.1
49,4.6,1.2,1,0.2
50,NA,NA,NA,NA
51,9,2.8,2,0.7
52,NA,NA,NA,NA
53,NA,NA,NA,NA
54,NA,NA,NA,NA
55,15.2,2.9,1.4,2
56,10.4,2.2,1.6,0.7
57,NA,NA,NA,NA
58,13.8,6.9,1.8,1.4
59,NA,NA,NA,NA
60,10,3.5,2.8,0.3
1,34.3,23.1,11.4,3.1
2,29.3,17.8,3.6,5.5
3,19.5,10.4,4.7,0.9
4,31,18.7,7.8,1.5
5,18.5,6.9,3.1,1.3
6,22.1,8.8,5.9,1.4
7,23.8,10.9,2.9,3.8
8,19.9,6.2,3.1,1.4
9,21,9.4,4.1,1.6
10,25.9,8.3,5.1,2.5
11,28.7,12.7,6.7,1.2
12,18,7.6,4.3,1
13,33.6,23.3,3.9,4.6
14,17.4,7.4,2.1,2.9
15,25.4,12.1,4.4,1
16,25.7,12.3,3.9,3.1
17,12,3,1.1,0.5
18,15.4,5.4,3,0.8
19,17.9,6.1,1.9,2.9
20,20.9,7.3,3.2,3.1
21,13.1,5.2,2.5,0.7
22,21.5,11,6.5,1.2
23,22.2,9,5.5,1.9
24,18.2,6,1.7,3.7
25,15.9,5.4,3.5,0.6
26,NA,NA,NA,NA
27,24.1,8.1,6.6,1.9
28,8.8,3,1,0.4
29,9,3.3,1.9,0.3
30,16.1,4.7,4.7,1.3
31,24.7,10,3.3,2.1
32,21.7,13,5.4,1.4
33,7.5,2.4,2,0.3
34,18.6,3.9,2.5,0.7
35,15.2,7.3,5.8,1.1
36,7.5,2.1,1.9,0.1
37,21.1,9.6,5.8,1.1
38,9.4,3.2,0.9,0.8
39,NA,NA,NA,NA
40,30,12,3.2,2.7
41,18.4,5.8,3.3,1.2
42,NA,NA,NA,NA
43,8.5,3.4,1,0.9
44,20.6,7,2,2.8
45,NA,NA,NA,NA
46,22.4,11.3,2.6,1.5
47,NA,NA,NA,NA
48,5.2,1.8,1.1,0.3
49,NA,NA,NA,NA
50,NA,NA,NA,NA
51,NA,NA,NA,NA
52,NA,NA,NA,NA
53,NA,NA,NA,NA
54,NA,NA,NA,NA
55,NA,NA,NA,NA
56,4.8,0.8,0.7,0
57,NA,NA,NA,NA
58,NA,NA,NA,NA
59,NA,NA,NA,NA
60,NA,NA,NA,NA
1,33.9,15.9,8.1,7.7
2,32.8,18.3,5.1,3.8
3,28.5,16.1,4.9,1.9
4,20.1,5.4,3.9,1.3
5,24.1,8.2,3.3,4.1
6,28.9,15.9,4.2,2.4
7,30.1,16.3,3.6,3.8
8,18.7,7.7,4.8,1
9,19.8,7,5.9,1.4
10,13.8,4.6,2.8,0.6
11,28.3,14.2,9.1,3.5
12,24.4,10.5,4,1.8
13,12.2,4.1,3.2,0.7
14,18.8,7,3.3,1.8
15,15.5,5.3,3.4,0.6
16,6.6,2.3,1.4,0.4
17,10.3,3.1,1.2,1.4
18,9.5,4.1,2.5,0.6
19,20.7,10.3,2.4,1.2
20,27.5,14.7,3.8,4
21,19.4,6.1,3.3,1.8
22,8.9,2.8,1,0.3
23,13.4,6,3.9,0.6
24,16.1,6,2,0.9
25,5.1,2.2,1.6,0.1
26,19.2,8.2,2.3,1.4
27,28.9,15.2,6.2,3
28,17.5,7.2,4.5,1
29,25.3,11.8,5.9,4.6
30,14.3,5,3.3,0.8
31,12.1,4.2,3.2,0.4
32,18.7,8.1,6.3,1.1
33,11.9,5.2,4.1,0.4
34,20.9,7.5,1.7,4
35,NA,NA,NA,NA
36,30.1,15.4,4.2,4.8
37,12.3,3,2.3,0.7
38,16.9,3.8,1.6,1.4
39,NA,NA,NA,NA
40,3.4,1.4,0.9,0
41,5.7,1.2,1.8,0.2
42,20.5,7.2,2.4,2.4
43,6.6,1.3,1.2,0.1
44,NA,NA,NA,NA
45,5.2,1.8,0.7,0.7
46,7.4,2.2,1.6,0.2
47,13.1,4.9,1.7,0.5
48,17,4.7,2.6,0.8
49,3.6,0.4,0.3,0.2
50,14.1,5.9,2,0.8
51,3.3,0,0.7,0
52,5.1,1.7,1.5,0.1
53,2.9,1.1,1.1,0.2
54,9.1,3.8,1,1.3
55,5.6,2.4,0.8,0.6
56,9.3,2.8,2.1,1.2
57,NA,NA,NA,NA
58,12.8,4.6,1.9,0.5
59,NA,NA,NA,NA
60,15.5,5.2,2.2,1.2
1,25.6,10.9,3.3,4.6
2,32.5,11.9,5.7,6.2
3,33.3,20.4,6.6,2.9
4,23.6,11.5,4.1,1.9
5,31.8,18.7,3.5,6.2
6,25.8,9.3,5.4,1.1
7,29.6,15.3,6.8,1.3
8,18.2,5.3,1.9,2.4
9,23.9,10.7,2.9,4.2
10,17.4,5.7,4,0.9
11,19.5,9.8,2.2,1.9
12,23.3,9.8,2.9,2.1
13,33.7,23.7,4.2,4.4
14,28,13,8.2,3.5
15,18.7,6.5,2.5,1.1
16,13.5,3.9,2.7,0.9
17,12.4,4.4,3.1,0.7
18,8.5,3.3,1.9,0.3
19,29,16.6,8.4,1.6
20,12.9,5.9,3.8,1.2
21,19.6,4.5,1.3,0.7
22,26.5,11.5,8.7,1.4
23,26.7,10.4,4.1,1.4
24,3.7,0.9,0.7,0.2
25,15.8,5.6,3.9,0.7
26,8.7,2.3,2.9,0.7
27,30.3,15.4,6.2,2.1
28,12.2,4.8,4.5,0.5
29,25.8,11.6,3.3,3.9
30,27.1,9.5,5.8,2
31,18.1,8.5,1.8,1
32,11.5,3.2,2,0.8
33,16.9,4.4,2.5,0.9
34,15.7,6.7,2,2.6
35,14.6,5.7,4.3,1
36,13.5,4.3,3.4,0.8
37,14.6,3.4,2.2,0.4
38,12,3.7,3.1,1.2
39,15.1,4.2,1.7,2
40,19.4,7.3,2.6,1.1
41,16.1,6.7,2.3,1.3
42,20.5,10.4,5.8,1.3
43,12.5,5.2,3.6,1.2
44,19.9,7.5,2.5,1.5
45,28.3,14.4,3,2
46,17.1,5.6,3.4,1
47,2.6,0.9,0.9,0.1
48,10.8,2.5,1.3,0.7
49,6.9,2.3,1.2,0.4
50,NA,NA,NA,NA
51,24.9,10.4,2.3,3.6
52,14.1,5.7,1.5,1.1
53,13.6,5.5,1.5,2.3
54,11.3,4.1,1.9,0.6
55,5,1.4,0.6,0.6
56,8.8,3,1.5,0.6
57,NA,NA,NA,NA
58,NA,NA,NA,NA
59,16.3,4.2,3.6,0.5
60,NA,NA,NA,NA
1,30.7,16.1,10.6,1.6
2,24.8,13.4,7.4,0.9
3,33.7,26,8.5,7.9
4,27.2,15.8,5.1,1.2
5,33.4,24.9,3.9,8.9
6,17.8,7.3,5.8,0.9
7,27.3,11.8,8.7,1.9
8,32.9,20,3,3.3
9,19.5,7.9,3,0.8
10,31,10.9,3.9,2
11,31.6,17.5,4.4,4.1
12,28.7,12.8,5.6,2.1
13,14.2,4.5,1.8,1.2
14,24.6,14.1,6.1,1.1
15,19.2,6.6,4,1.7
16,11,3.7,1.2,0.9
17,23.2,8.8,4.7,2.4
18,20.1,8.9,2.3,1.6
19,29.5,11.3,3.5,3.2
20,21.5,6.6,3.1,1.2
21,21.5,9.4,2.5,1.5
22,17.4,5.4,3.7,0.8
23,18.3,7.4,1.7,2.3
24,20.5,9.9,2.2,2
25,14.4,7,3.1,1
26,23.3,8.9,1.8,1.6
27,19.2,7,6.4,1.4
28,10.5,2.8,1.1,0.9
29,10.7,4.3,1.9,0.9
30,17.8,6.8,4.3,1
31,15.5,4.8,1.7,2.2
32,13.7,4.3,1.7,1.3
33,24.1,11.5,3,3.8
34,28.5,13.2,2.6,5.2
35,5.9,1.9,0.5,0.1
36,23.6,8.4,7.4,0.5
37,27,13,2.1,1.3
38,10.5,4.1,1,0.9
39,13.2,3.1,2.3,0.8
40,16.1,6,3.1,0.9
41,18.2,5.3,6,1.1
42,22.7,7,4.1,2
43,NA,NA,NA,NA
44,NA,NA,NA,NA
45,19,8.4,3.9,1.1
46,20.4,7.9,3.5,2.8
47,17.8,6.9,1.9,1.4
48,14.9,5.1,2.9,0.6
49,13.4,5.7,3.4,0.8
50,7.5,2.5,3,0.4
51,NA,NA,NA,NA
52,8,1.5,1,0
53,7.4,1.8,0.6,1.2
54,21.4,10.3,2.4,2.6
55,3,0,0,0
56,10.4,3.6,3.3,0.3
57,5.2,1.7,1.2,0.5
58,3.3,1.6,0.4,0.5
59,5,0.2,1.2,0
60,4,1,1,0.1
1,31.7,25.7,7,3.2
2,32.1,20.6,4.4,7.2
3,33,16.6,5.5,2.8
4,30.8,13,4.3,1.7
5,32.8,16.4,2.5,5.8
6,18.2,7,2.9,1.3
7,28.5,14.1,3.7,3.5
8,16.6,7.8,4.1,0.7
9,29,13,5.4,1.5
10,25.2,10.7,3.2,1.3
11,24,10.1,3.6,1.3
12,29.1,11.8,5.9,2.2
13,30,16,4.6,3.1
14,14.7,3.6,1.9,0.5
15,17.1,5.6,2.8,0.7
16,24.5,8,4.4,1.9
17,20.1,9.8,2.7,2.3
18,10.8,4.3,2.7,0.6
19,9.9,3.8,2.2,0.6
20,21.5,4.6,1.9,1.1
21,22.1,11,5.7,1.5
22,18.5,5,2.9,1
23,25.4,9.6,5.9,1.2
24,17.1,7.1,1.9,2.4
25,16.7,5.8,3.4,0.7
26,12.6,3.8,2.5,0.9
27,6.7,2.7,1.4,0.4
28,23.5,12.3,2.3,2.6
29,28.3,13.5,5.7,1.7
30,27.6,12.7,3.6,4.5
31,18.2,7,4.9,0.9
32,11.4,2.8,1.8,0.5
33,9.2,3.6,1.1,0.6
34,9.1,2.9,2.7,0.6
35,12.6,1.6,1,0.8
36,20.7,5.6,3.5,2.1
37,7,1.9,1.5,0.3
38,16.4,7.1,4.3,0.7
39,7.7,3,1.5,0.6
40,7.5,3.2,0.9,0.6
41,20.4,10.3,3.4,1.4
42,11.2,3.2,1.7,0.5
43,15.4,7.7,1.9,1.7
44,6.2,2.7,1.2,0.3
45,20.6,8,4.9,1.4
46,21.9,9,2.8,2.6
47,11.1,3.7,1.7,0.8
48,20,7.2,3.6,1.8
49,6.4,2,0.7,0.6
50,6.3,2.4,1.3,0.7
51,10.2,3.7,0.9,2.1
52,18.5,6.8,3.6,1.1
53,11.3,4.8,1.3,1.8
54,7,2.8,1.8,0.3
55,8.6,3.3,1,1
56,NA,NA,NA,NA
57,10.4,2.8,1.2,1.1
58,8.4,1.8,1.4,0.5
59,4.7,2.3,2.3,0.5
60,NA,NA,NA,NA
1,33.2,20.4,4.7,3.2
2,21.4,11.5,5.8,0.7
3,30.8,17.9,6.5,6.9
4,27.7,9.1,4.4,1.3
5,31,9.4,3.1,1.9
6,15.3,6,4,0.6
7,24.9,6.4,2.8,4.5
8,12.9,5.6,2.9,0.7
9,23.4,7.1,5,1.4
10,10.4,4.6,3.4,0.2
11,20.9,8.2,3.4,1.3
12,32.4,13.8,3.4,6.5
13,16,6.2,1.4,2.2
14,12.8,4.2,2.3,0.4
15,30,15.3,5.2,5
16,23.3,8.1,7.4,1
17,20.5,6.9,4.5,1.7
18,13,3.5,2.1,1
19,30.1,13.9,5.1,2
20,16.9,6.1,4.9,0.8
21,24.6,12.1,2.5,3.2
22,12.9,5,2.6,0.3
23,7.5,1.1,1.4,0.4
24,18.3,7,3.2,2
25,20.3,10.5,2.2,2.4
26,16.3,6.4,2,1.8
27,7.8,2.9,2.5,0
28,25.1,7.8,4,1.2
29,15.2,5.6,1.9,2.1
30,25.9,13.1,3.7,2.1
31,4.5,1,0.5,0.5
32,5.5,2.3,1.3,0.1
33,5.7,1.9,1.6,0.3
34,23.1,8.2,2.7,2.7
35,16.3,5.8,3.8,1.2
36,3.9,1,1.1,0.2
37,5.2,1,0.8,0.3
38,15.6,5.3,2.1,3.1
39,6.3,2.3,1,0.4
40,3.5,1.1,1.1,0.2
41,10.7,3.8,1.3,1.8
42,6.9,2.6,1.5,0.3
43,7.1,3.1,0.7,0.4
44,3.9,1.9,1.1,0
45,15.5,7.3,3,0.7
46,11.1,3.4,2.1,0.8
47,NA,NA,NA,NA
48,12.1,4.1,1.5,2.3
49,10.8,3.8,1,0.6
50,8.5,3.6,1.1,0.8
51,NA,NA,NA,NA
52,21.7,8.9,4.6,1.2
53,4.7,2,0.3,0.6
54,7.5,2.7,1.2,0.2
55,9.3,3.8,1.4,0.4
56,3.9,2.6,0.1,0.4
57,9,3.1,2.8,0.6
58,8.1,2.9,2.5,0.4
59,13.2,7.4,1.4,1.3
60,8.1,3.2,1,0.7
1,31.8,15.7,5.5,5.2
2,30.4,14.6,3.1,2.3
3,34.1,14.9,8.1,2.6
4,35.4,14.4,7.4,3.3
5,28.2,12.6,3.7,4.4
6,31.4,12.4,7.8,6.4
7,14.5,8,2.8,0.7
8,32,15.6,4.6,3
9,26,10.4,2.4,3.5
10,21.5,7.3,1.8,0.9
11,10.6,5,1.7,0.8
12,15.9,4.9,1.7,1.4
13,28.7,13.4,4.1,2.2
14,9.5,3.2,1.4,0.3
15,19.8,6.8,2.5,0.9
16,18.7,8.7,4.8,2.5
17,12.7,3.9,2.1,0.5
18,20,8.7,2.2,1
19,2.8,0.9,0.5,0.2
20,4.6,1.8,1.1,0.1
21,9,3.5,1.4,0.9
22,9.7,5.8,2.8,0.4
23,7,1.3,2.3,0.5
24,16.5,7.4,2.1,1.7
25,17.8,6.5,2,1
26,18,8.8,2.7,2
27,19.6,9.8,2.6,1.3
28,3,1,1,0
29,12.4,6.1,5.1,0.5
30,10.3,3.3,2.4,0.5
31,4.1,1.6,1,0.3
32,23,7.1,5.8,1
33,NA,NA,NA,NA
34,NA,NA,NA,NA
35,29.9,9.6,3.9,2.1
36,7.2,1.8,0.8,1.1
37,9,2.6,1.4,0.7
38,25.9,8.1,2.8,3.1
39,5.6,2.1,1.9,0.4
40,7.6,3.4,0.8,1.2
41,6.1,2.5,0.5,0.3
42,5,0,0,0
43,7.9,3.3,2,0.3
44,24.6,6.4,4.3,0.6
45,NA,NA,NA,NA
46,11.8,3.6,2.2,1.6
47,1,0,0,0
48,3.2,0.6,0.5,0.5
49,NA,NA,NA,NA
50,NA,NA,NA,NA
51,15.1,6.7,2.3,0.9
52,11.7,5.2,3,0.6
53,7.3,3,2.7,0.3
54,9.3,3,1.8,0.5
55,22.4,7.1,3.4,1.1
56,3.5,0.5,0,0.5
57,NA,NA,NA,NA
58,6.5,1.1,1.5,0.1
59,NA,NA,NA,NA
60,5.3,1.8,0.9,0